{
  "info": {
    "name": "JWT Security Demo",
    "description": "Colección de pruebas para JWT Security Demo",
    "schema": "https://schema.getpostman.com/json/collection/v2.1.0/collection.json"
  },
  "item": [
    {
      "name": "Authentication",
      "item": [
        {
          "name": "Login - Admin",
          "event": [
            {
              "listen": "test",
              "script": {
                "exec": [
                  "pm.test(\"Login exitoso\", function () {",
                  "    pm.response.to.have.status(200);",
                  "});",
                  "",
                  "pm.test(\"Token recibido\", function () {",
                  "    var jsonData = pm.response.json();",
                  "    pm.expect(jsonData.token).to.exist;",
                  "    pm.environment.set(\"jwt_token\", jsonData.token);",
                  "});"
                ],
                "type": "text/javascript"
              }
            }
          ],
          "request": {
            "method": "POST",
            "header": [
              {
                "key": "Content-Type",
                "value": "application/json"
              }
            ],
            "body": {
              "mode": "raw",
              "raw": "{\n  \"username\": \"admin\",\n  \"password\": \"admin123\"\n}"
            },
            "url": {
              "raw": "{{baseUrl}}/api/auth/login",
              "host": ["{{baseUrl}}"],
              "path": ["api", "auth", "login"]
            }
          }
        },
        {
          "name": "Login - User",
          "event": [
            {
              "listen": "test",
              "script": {
                "exec": [
                  "pm.test(\"Login exitoso\", function () {",
                  "    pm.response.to.have.status(200);",
                  "});",
                  "",
                  "pm.test(\"Token recibido\", function () {",
                  "    var jsonData = pm.response.json();",
                  "    pm.expect(jsonData.token).to.exist;",
                  "    pm.environment.set(\"jwt_token\", jsonData.token);",
                  "});"
                ],
                "type": "text/javascript"
              }
            }
          ],
          "request": {
            "method": "POST",
            "header": [
              {
                "key": "Content-Type",
                "value": "application/json"
              }
            ],
            "body": {
              "mode": "raw",
              "raw": "{\n  \"username\": \"user\",\n  \"password\": \"user123\"\n}"
            },
            "url": {
              "raw": "{{baseUrl}}/api/auth/login",
              "host": ["{{baseUrl}}"],
              "path": ["api", "auth", "login"]
            }
          }
        },
        {
          "name": "Validar Token",
          "request": {
            "method": "GET",
            "header": [
              {
                "key": "Authorization",
                "value": "Bearer {{jwt_token}}"
              }
            ],
            "url": {
              "raw": "{{baseUrl}}/api/auth/validate",
              "host": ["{{baseUrl}}"],
              "path": ["api", "auth", "validate"]
            }
          }
        }
      ]
    },
    {
      "name": "Protected Endpoints",
      "item": [
        {
          "name": "Hello (Protegido)",
          "request": {
            "method": "GET",
            "header": [
              {
                "key": "Authorization",
                "value": "Bearer {{jwt_token}}"
              }
            ],
            "url": {
              "raw": "{{baseUrl}}/api/protected/hello",
              "host": ["{{baseUrl}}"],
              "path": ["api", "protected", "hello"]
            }
          }
        },
        {
          "name": "Perfil de Usuario",
          "request": {
            "method": "GET",
            "header": [
              {
                "key": "Authorization",
                "value": "Bearer {{jwt_token}}"
              }
            ],
            "url": {
              "raw": "{{baseUrl}}/api/protected/profile",
              "host": ["{{baseUrl}}"],
              "path": ["api", "protected", "profile"]
            }
          }
        },
        {
          "name": "Endpoint para Users",
          "request": {
            "method": "GET",
            "header": [
              {
                "key": "Authorization",
                "value": "Bearer {{jwt_token}}"
              }
            ],
            "url": {
              "raw": "{{baseUrl}}/api/protected/user",
              "host": ["{{baseUrl}}"],
              "path": ["api", "protected", "user"]
            }
          }
        },
        {
          "name": "Endpoint para Admins",
          "request": {
            "method": "GET",
            "header": [
              {
                "key": "Authorization",
                "value": "Bearer {{jwt_token}}"
              }
            ],
            "url": {
              "raw": "{{baseUrl}}/api/protected/admin",
              "host": ["{{baseUrl}}"],
              "path": ["api", "protected", "admin"]
            }
          }
        }
      ]
    },
    {
      "name": "Public Endpoints",
      "item": [
        {
          "name": "Info Pública",
          "request": {
            "method": "GET",
            "header": [],
            "url": {
              "raw": "{{baseUrl}}/api/protected/public/info",
              "host": ["{{baseUrl}}"],
              "path": ["api", "protected", "public", "info"]
            }
          }
        }
      ]
    },
    {
      "name": "Error Tests",
      "item": [
        {
          "name": "Sin Token (Debe Fallar)",
          "event": [
            {
              "listen": "test",
              "script": {
                "exec": [
                  "pm.test(\"Acceso denegado sin token\", function () {",
                  "    pm.response.to.have.status(401);",
                  "});"
                ],
                "type": "text/javascript"
              }
            }
          ],
          "request": {
            "method": "GET",
            "header": [],
            "url": {
              "raw": "{{baseUrl}}/api/protected/hello",
              "host": ["{{baseUrl}}"],
              "path": ["api", "protected", "hello"]
            }
          }
        },
        {
          "name": "Credenciales Incorrectas",
          "event": [
            {
              "listen": "test",
              "script": {
                "exec": [
                  "pm.test(\"Login rechazado\", function () {",
                  "    pm.response.to.have.status(401);",
                  "});"
                ],
                "type": "text/javascript"
              }
            }
          ],
          "request": {
            "method": "POST",
            "header": [
              {
                "key": "Content-Type",
                "value": "application/json"
              }
            ],
            "body": {
              "mode": "raw",
              "raw": "{\n  \"username\": \"admin\",\n  \"password\": \"wrongpassword\"\n}"
            },
            "url": {
              "raw": "{{baseUrl}}/api/auth/login",
              "host": ["{{baseUrl}}"],
              "path": ["api", "auth", "login"]
            }
          }
        }
      ]
    }
  ],
  "variable": [
    {
      "key": "baseUrl",
      "value": "http://localhost:8080",
      "type": "string"
    }
  ]
}